profil,id,score,score_wall_height,score_slope_compact,score_geology,score_south_aspect,score_access,vert_extent_m,area_m2,slope_mean_deg,slope_max_deg,slope_std_deg,aspect_mean_deg,elev_m,z_min_m,z_max_m,ndom_mean_m,geologie,geologie_klasse,geologie_eignung,im_schutzgebiet,schutzgebiet,dist_weg_m,weg_typ,centroid_e,centroid_n,lat,lon
25m,7,0.9119,1.0000,0.9021,0.7000,0.9985,0.9168,48.5801,825.0000,56.0830,60.6595,2.4476,175.6182,1355.5763,1328.4399,1377.0200,1.5756,Permo-jurassische Sedimentabfolge,gemischt_karbonat_werfener,0.7000,False,,258.1052,track,722503.6742,5175315.7197,46.6944,11.9102
25m,5,0.8816,1.0000,0.8780,0.6500,0.8399,1.0000,58.0299,1400.0000,49.3904,54.9071,3.0500,132.8306,1195.7775,1165.5601,1223.5900,2.1216,Niedriggradig metamorphes varisziches Grundgebirge: Brixen Quartzphyllit,mittel,0.6500,False,,70.3653,track,719456.3393,5176053.5714,46.7020,11.8708
25m,1,0.8684,1.0000,0.7736,0.6500,0.8912,1.0000,70.1500,3425.0000,51.2533,64.8158,5.6602,218.5146,927.6118,896.2000,966.3500,0.7995,Niedriggradig metamorphes varisziches Grundgebirge: Brixen Quartzphyllit,mittel,0.6500,False,,30.1912,primary,719077.6369,5182437.1807,46.7595,11.8689
25m,16,0.7998,1.0000,0.8609,0.7000,0.2507,1.0000,50.0300,850.0000,59.7114,65.9625,3.4768,60.0950,1424.7318,1401.1100,1451.1400,0.1017,Permo-jurassische Sedimentabfolge,gemischt_karbonat_werfener,0.7000,False,,76.9655,track,724087.5735,5174672.1324,46.6881,11.9306
25m,19,0.7832,0.9257,0.8886,0.7000,0.2764,1.0000,37.0299,325.0000,56.0288,61.6747,2.7857,63.4401,1657.5777,1640.4301,1677.4600,2.0130,Permo-jurassische Sedimentabfolge,gemischt_karbonat_werfener,0.7000,False,,34.3797,track,725052.4038,5173284.9038,46.6753,11.9425
25m,2,0.7812,0.8358,0.8015,0.6500,0.6563,1.0000,33.4301,600.0000,58.7726,67.5730,4.9629,251.7897,909.4475,893.2200,926.6500,1.9559,Niedriggradig metamorphes varisziches Grundgebirge: Brixen Quartzphyllit,mittel,0.6500,False,,11.8248,primary,719113.1250,5182348.5417,46.7587,11.8693
25m,15,0.7671,1.0000,0.8410,0.7000,0.0593,1.0000,40.3401,400.0000,57.2618,64.1362,3.9746,28.1817,1815.1094,1795.9399,1836.2800,1.3921,Permo-jurassische Sedimentabfolge,gemischt_karbonat_werfener,0.7000,False,,85.3638,path,723259.6875,5174773.4375,46.6892,11.9198
25m,9,0.7665,1.0000,0.8697,0.7000,0.0256,0.9872,45.4700,1150.0000,57.1327,61.4884,3.2578,18.4293,1504.1094,1485.0000,1530.4700,0.5862,Permo-jurassische Sedimentabfolge,gemischt_karbonat_werfener,0.7000,False,,124.2418,track,723396.7935,5175210.8152,46.6931,11.9218
25m,10,0.7593,1.0000,0.7979,0.7000,0.0649,1.0000,67.7000,2175.0000,55.5917,63.9051,5.0519,29.5087,1667.8237,1634.2700,1701.9700,0.5179,Permo-jurassische Sedimentabfolge,gemischt_karbonat_werfener,0.7000,False,,69.2207,track,723420.9626,5174988.4052,46.6911,11.9220
25m,12,0.7592,1.0000,0.8458,0.7000,0.0004,1.0000,85.9800,2950.0000,56.2578,65.6731,3.8543,2.3618,1640.7248,1606.2100,1692.1899,1.9920,Permo-jurassische Sedimentabfolge,gemischt_karbonat_werfener,0.7000,False,,39.3303,track,723567.2669,5174951.6737,46.6907,11.9239
25m,13,0.7590,1.0000,0.7946,0.7000,0.0763,0.9863,100.9600,3275.0000,54.5368,64.5693,5.1355,32.0785,1720.5497,1673.0100,1773.9700,0.1540,Permo-jurassische Sedimentabfolge,gemischt_karbonat_werfener,0.7000,False,,126.0163,track,723452.7385,5174903.8263,46.6904,11.9224
25m,6,0.7547,0.9867,0.8730,0.7000,0.0084,0.9350,39.4700,650.0000,49.7246,54.1115,3.1757,10.5356,1531.8142,1513.0601,1552.5300,0.4259,Permo-jurassische Sedimentabfolge,gemischt_karbonat_werfener,0.7000,True,Fanes-Sennes-Prags,223.4270,track,725877.9808,5175414.7115,46.6941,11.9543
25m,11,0.7530,1.0000,0.8226,0.7000,0.0013,0.9831,55.5399,1975.0000,54.5308,63.8946,4.4354,355.8782,1586.0929,1557.5601,1613.1000,1.8139,Permo-jurassische Sedimentabfolge,gemischt_karbonat_werfener,0.7000,False,,132.0946,path,722663.9715,5174979.3196,46.6913,11.9121
25m,18,0.7421,0.8085,0.8619,0.6500,0.3780,1.0000,32.3401,875.0000,56.1992,64.3017,3.4517,75.8789,1631.6236,1616.0900,1648.4301,-0.1195,Triassische Vulkanite und Vulkanoklastite,mittel,0.6500,False,,67.2014,track,724936.8214,5173518.8929,46.6774,11.9411
25m,3,0.7383,0.8520,0.7842,0.6500,0.3553,1.0000,34.0800,400.0000,54.7445,63.9597,5.3944,286.8246,1465.7058,1448.8600,1482.9399,1.8076,Niedriggradig metamorphes varisziches Grundgebirge: Brixen Quartzphyllit,mittel,0.6500,False,,34.1914,track,723991.2500,5182319.3750,46.7568,11.9331
25m,4,0.6778,0.7182,0.9170,0.6500,0.0866,1.0000,28.7300,600.0000,51.1467,54.1985,2.0744,34.2364,1243.2254,1229.4000,1258.1300,0.2119,Niedriggradig metamorphes varisziches Grundgebirge: Brixen Quartzphyllit,mittel,0.6500,False,,7.7319,footway,720302.9167,5178397.9167,46.7228,11.8829
25m,14,0.6744,0.5330,0.9200,0.7000,0.4349,0.9862,21.3201,350.0000,54.1189,57.2854,1.9994,82.5241,1299.5537,1288.7000,1310.0200,1.0452,Permo-jurassische Sedimentabfolge,gemischt_karbonat_werfener,0.7000,False,,126.2204,path,724266.2500,5174826.2500,46.6894,11.9330
25m,17,0.6649,0.7568,0.8431,0.6500,0.0091,1.0000,30.2700,325.0000,51.9801,58.0089,3.9219,10.9401,1388.5642,1373.3900,1403.6600,0.5161,Triassische Vulkanite und Vulkanoklastite,mittel,0.6500,False,,75.8613,track,725151.6346,5174407.5962,46.6853,11.9444
25m,8,0.6217,0.4887,0.9462,0.7000,0.1792,0.9455,19.5499,350.0000,52.0176,54.3381,1.3459,50.0870,1468.2143,1457.8101,1477.3600,-0.4315,Permo-jurassische Sedimentabfolge,gemischt_karbonat_werfener,0.7000,False,,203.5054,track,723560.1786,5175226.2500,46.6932,11.9240
25m,20,0.6116,0.5433,0.9038,0.7000,0.0046,1.0000,21.7301,275.0000,54.8008,59.3292,2.4055,352.2337,1786.9779,1775.9399,1797.6700,4.5030,Permo-jurassische Sedimentabfolge,gemischt_karbonat_werfener,0.7000,False,,83.0881,track,719056.2500,5173078.7500,46.6754,11.8641
